track_uri,popularity,danceability,energy,loudness,valence,speechiness,instrumentalness,tempo
5enxwA8aAbwZbf5qCHORXi,85,0.631,0.518,-8.771,0.205,0.0303,0.0,93.023
0T482F5L30d7ChNbLqsKa7,42,0.414,0.235,-15.252,0.137,0.0429,0.907,144.467
5Mw9bXG1dLNhbjofkVS2oR,69,0.262,0.361,-10.187,0.056,0.0333,0.00268,126.786
7tPKLyVCht1WMkPtp1HyPh,36,0.316,0.221,-14.316,0.123,0.028,0.226,89.947
6lanRgr6wXibZr8KgzXxBl,82,0.421,0.407,-7.445,0.161,0.0267,0.000961,139.028
3EZTyh1wJEmreJH1aULPCj,62,0.323,0.106,-10.374,0.158,0.0323,5.94e-05,91.455
4LFwNJWoj74Yd71fIr1W8x,77,0.395,0.252,-13.589,0.126,0.0301,0.0,177.679
6DimgukTnjDrTxaQ0NnZvM,52,0.29,0.0809,-19.507,0.0968,0.0488,0.00285,99.003
2uTGX4wxnRGS3i0FSOMGCQ,59,0.487,0.094,-19.555,0.0788,0.0274,0.000224,74.857
1zng9uqqXoPkmU05nsAlsw,75,0.309,0.596,-5.599,0.161,0.0293,0.0,164.587
1wKkRvZnuVde5OYhKwTMeY,47,0.543,0.257,-15.568,0.363,0.0528,0.000442,161.409
5jmwL2MniQj9ldptIm1h1B,67,0.434,0.609,-8.295,0.372,0.0306,0.00108,159.994
01lewSOj9ZaXplh9TpNKL4,62,0.779,0.571,-15.327,0.96,0.0427,1.16e-05,116.197
5zGrlUCEJy4yMZ5xuqxrr0,50,0.519,0.668,-5.844,0.424,0.028,0.0,141.965
095MMFhB9qxPx2VsmvjnUs,60,0.652,0.521,-6.752,0.235,0.0256,0.0011,109.943
3l3xTXsUXeWlkPqzMs7mPD,73,0.64,0.427,-9.29,0.529,0.0241,0.0,149.703
07HqIg8BnB1lJElnw2ZiSR,70,0.437,0.727,-5.432,0.233,0.0293,0.0,73.029
3G0ENKW9vzV0SuYKaWFflI,69,0.632,0.656,-9.29,0.752,0.0277,0.000264,86.605
3dLRK3SKATbzMd1tcAzsJz,52,0.55,0.234,-10.264,0.233,0.0358,2.96e-06,72.799
4FQl3UEK1onBjFceVJUvnU,41,0.486,0.896,-4.144,0.482,0.0471,0.0,139.921
11FcfHd3SOmmrWJPGe7Y30,64,0.424,0.446,-8.526,0.354,0.0261,1.89e-06,139.701
0L0T4tMAaGqLgIVj1MOj9t,64,0.689,0.333,-13.288,0.284,0.0262,3.36e-05,101.988
0CsM8VGDi38kusMv3pxyj1,71,0.742,0.533,-9.098,0.391,0.0288,0.148,97.395
4F2t297QK40XFcIHqkmLHs,66,0.51,0.667,-4.715,0.356,0.0294,0.00683,125.887
5RgFlk1fcClZd0Y4SGYhqH,74,0.292,0.324,-11.996,0.384,0.0346,0.000473,176.631
6JHXiRD1QjMK1N6AQEnL04,65,0.498,0.723,-8.053,0.882,0.05,0.0,153.227
75mx4MRQt4l7Gs49JSc6QV,47,0.434,0.324,-13.994,0.18,0.0289,4.76e-05,146.088
7esAUabV6rHcj76syr32Uf,58,0.738,0.434,-12.069,0.417,0.0234,0.00013,99.819
7hn8Q8WAxFdL4aZ159GI7C,64,0.272,0.281,-8.131,0.152,0.0307,0.0,138.856
1ONoPkp5XIuw3tZ1GzrNKZ,58,0.489,0.364,-10.672,0.377,0.03,0.0,135.352
3F2YXxSOC9dPmxXdrh6mYl,56,0.353,0.207,-14.718,0.184,0.0306,0.0,144.539
2TcwEYyydQuEMJwdmSgVLD,56,0.597,0.342,-8.167,0.11,0.0299,3.04e-05,109.609
6PypGyiu0Y2lCDBN1XZEnP,75,0.467,0.324,-10.451,0.166,0.0255,0.0248,94.301
19Kf8FxBJ5a1Bb8uKCrIIe,55,0.616,0.444,-14.224,0.763,0.0276,0.000115,143.805
0gsl92EMIScPGV1AU35nuD,68,0.344,0.325,-10.005,0.0775,0.0287,0.0223,118.515
2BHj31ufdEqVK5CkYDp9mA,78,0.658,0.747,-6.615,0.792,0.0431,8.49e-06,108.259
0tQ9vBYpldCuikPsbgOVKA,68,0.393,0.531,-6.112,0.224,0.0329,0.0,200.391
3m8lTUL5GxGUNSaycI77ND,63,0.322,0.168,-13.893,0.259,0.0336,0.000223,146.68
5wQnmLuC1W7ATsArWACrgW,79,0.217,0.905,-4.103,0.236,0.0752,0.00011,96.95
75JFxkI2RXiU7L9VXzMkle,86,0.557,0.442,-7.224,0.213,0.0243,1.46e-05,146.277
5GnRdw3oNKF8Mz6gdEcQLK,50,0.35,0.105,-19.886,0.214,0.0374,0.743,113.544
1qhp5owrFGeZ5Jgin28nwR,66,0.473,0.263,-10.684,0.461,0.0336,4.41e-05,169.094
2M7y4xDWT67Lf0JE9mrz1R,43,0.806,0.762,-6.027,0.235,0.0368,1.05e-05,100.332
1pAgEx6lFs4E66192Vd56Y,36,0.279,0.343,-9.937,0.176,0.0563,1.74e-05,79.774
7EZC6E7UjZe63f1jRmkWxt,83,0.309,0.649,-8.994,0.312,0.035,0.00591,166.915
41e8y8N7OLiVTWMam9iebK,54,0.391,0.543,-7.765,0.238,0.0371,0.000364,144.552
1JLn8RhQzHz3qDqsChcmBl,81,0.477,0.471,-10.036,0.423,0.0277,1.76e-06,81.204
0rH0mprtecH3grD9HFM5AD,72,0.572,0.685,-7.29,0.232,0.0356,0.0,110.698
5V7mTIcXVU9k2JNu0mE6vy,62,0.433,0.307,-8.796,0.378,0.0327,0.0,178.114
0e3yhVeNaTfKIWQRw9U9sY,75,0.756,0.422,-12.967,0.487,0.0292,0.00183,112.751
2RlgNHKcydI9sayD2Df2xp,81,0.388,0.338,-10.054,0.478,0.0329,3.73e-06,177.765
0J8A1ZVyJcRZxFNvtp6jRh,61,0.489,0.358,-10.413,0.422,0.0302,0.018,77.784
61YM5SkqqeUjIBL7It56cs,63,0.446,0.0146,-31.047,0.0815,0.12,0.945,137.697
6lEuFGrUqR9Yc6hSsHPnYP,34,0.39,0.649,-5.163,0.144,0.0345,0.0,121.16
6EMQo2suHaUYZVsbGVTxSZ,61,0.51,0.622,-7.651,0.387,0.0268,0.00532,77.663
07UFnnK3uPIuKv5Rs9TmXl,72,0.647,0.384,-10.825,0.208,0.0374,6.55e-06,119.831
2M9ro2krNb7nr7HSprkEgo,80,0.711,0.292,-15.523,0.194,0.037,0.0,103.951
1LzNfuep1bnAUR9skqdHCK,80,0.42,0.33,-13.925,0.175,0.0275,0.000679,157.143
6ADSaE87h8Y3lccZlBJdXH,80,0.54,0.429,-11.822,0.113,0.0285,0.355,110.171
5Jt2AQv1c3RUF5ENtAYF1i,57,0.375,0.317,-11.741,0.12,0.0315,2.92e-05,112.003
1Gxaks4MTbjMCAQ20rx4Iy,57,0.615,0.563,-7.585,0.547,0.0254,0.00118,105.772
5WwqdeavrQrbeAMDxGawse,74,0.408,0.48,-11.017,0.19,0.0266,1.82e-05,156.344
6l8EbYRtQMgKOyc1gcDHF9,72,0.149,0.206,-13.888,0.264,0.0323,0.000649,79.764
3DrjZArsPsoqbLzUZZV1Id,72,0.529,0.67,-4.663,0.286,0.0303,0.0,141.893
6s0NHplywwr1IjnQpUpWJk,71,0.459,0.727,-11.777,0.955,0.0303,0.0652,149.231
26Zco2DqGMnDIjOX0aIqER,52,0.469,0.596,-5.981,0.0379,0.0505,0.00697,155.708
3hJoAM3O7q1i70lJRf8Cky,49,0.36,0.505,-5.485,0.382,0.0314,0.0,69.126
49MHCPzvMLXhRjDantBMVH,72,0.589,0.453,-8.912,0.513,0.0397,2.54e-05,139.148
6Qyc6fS4DsZjB2mRW9DsQs,85,0.315,0.715,-8.072,0.497,0.0362,7.97e-06,155.925
6fkvIT9KFKxO8poBeKfaEf,69,0.534,0.442,-9.442,0.343,0.0308,0.000351,136.369
73GR50SgGV5hybgWDSFWtD,63,0.453,0.359,-8.567,0.178,0.0247,3.02e-05,76.015
2JWKzkQbYsNzx019WyGzaH,68,0.472,0.373,-12.98,0.459,0.0262,0.206,135.193
3rXCZRMiMZp0feGcYXpwYX,72,0.467,0.622,-7.255,0.455,0.031,0.00527,164.418
10eBRyImhfqVvkiVEGf0N0,80,0.455,0.623,-3.878,0.208,0.0288,0.000424,163.893
3gsCAGsWr6pUm1Vy7CPPob,73,0.476,0.381,-10.238,0.33,0.0342,0.0,121.948
7Gvf6Li9MYft4fUijkFjKq,66,0.449,0.149,-17.55,0.251,0.0306,0.000399,102.88
7wJpqjqk8QbHpCakY1ZacY,51,0.616,0.271,-17.212,0.336,0.0458,0.000126,125.021
23gmmiGpMHkxWc0XI1ika5,51,0.315,0.524,-8.804,0.409,0.0378,0.000191,177.146
5by7gtiDrxe4n2qQQunL8S,55,0.39,0.255,-9.676,0.179,0.0299,1.14e-06,122.056
5GHY1DFWKz3Prg2V0Iodqo,74,0.512,0.574,-7.016,0.161,0.0273,2.31e-05,119.917
33LC84JgLvK2KuW43MfaNq,76,0.428,0.276,-11.729,0.0382,0.0312,5.33e-06,99.195
6r1RBZtxQGZQVP9RSYS07J,53,0.236,0.24,-15.169,0.156,0.0309,3.89e-06,142.682
5auMzVHFr5Zfw6IbKarZ56,65,0.386,0.452,-7.715,0.287,0.0278,0.0,169.837
2m7HqsKknEHEuy6UDf00xf,39,0.85,0.942,-5.529,0.709,0.112,0.000294,115.066
6HFAhWaqc1JqsUJNcqpmXu,21,0.737,0.165,-16.997,0.382,0.0724,0.883,126.024
76TZCvJ8GitQ2FA1q5dKu0,72,0.439,0.488,-14.464,0.629,0.0615,0.000339,93.017
4j3X4KX8rURekAVIFUhI23,71,0.494,0.672,-4.877,0.557,0.0405,0.0,156.208
50q2aUjWoTn6CJIfSPRJQA,63,0.532,0.244,-14.652,0.238,0.0327,4.56e-05,89.327
7HW5WIw7ZgZORCzUxv5gW5,80,0.729,0.844,-8.824,0.777,0.0344,2.87e-06,131.459
52OkpDsU6MmPx1AwGOb6Ap,68,0.604,0.517,-9.014,0.511,0.0347,0.000155,127.967
0gEyKnHvgkrkBM6fbeHdwK,79,0.439,0.434,-14.918,0.204,0.0265,4.87e-05,94.845
6c6vULMrRuN4NECs2iB1xe,62,0.707,0.562,-6.202,0.525,0.0567,0.0,122.993
28UMiBhn383n9S7GL4tsxD,75,0.615,0.467,-9.883,0.177,0.0327,0.0,119.919
1kgdslQYmeTR4thk9whoRw,70,0.498,0.242,-12.238,0.312,0.0257,0.536,153.744
4RVwu0g32PAqgUiJoXsdF8,87,0.332,0.225,-8.697,0.297,0.0348,0.00349,81.055
4JGKZS7h4Qa16gOU3oNETV,78,0.551,0.643,-13.091,0.514,0.0353,0.00385,128.661
3FeYjbIVqvAhuTcwsE6K3v,62,0.546,0.627,-9.037,0.764,0.0244,0.00114,81.278
4eHbdreAnSOrDDsFfc4Fpm,79,0.332,0.214,-12.518,0.11,0.0349,5.62e-06,67.531
3xZMPZQYETEn4hjor3TR1A,68,0.532,0.0744,-16.092,0.125,0.0355,1.22e-05,117.131
3jM1W9APJx3dG61sd89IEp,45,0.782,0.613,-9.743,0.714,0.0504,0.101,90.351
6zV8IpLvw0tkRSVCFQJB1y,69,0.689,0.2,-18.634,0.478,0.0309,0.0327,91.787
0rt0dZ11FVsvprbarag5tk,60,0.461,0.275,-12.331,0.124,0.0259,0.000219,93.126
18DfMhEx4ddoreHrvZDF6Q,64,0.521,0.654,-6.993,0.125,0.0401,6.12e-05,139.071
5hnyJvgoWiQUYZttV4wXy6,82,0.56,0.595,-4.53,0.144,0.0274,6.47e-05,104.011
4O2rRsoSPb5aN7N3tG6Y3v,72,0.512,0.636,-8.087,0.312,0.0469,3.8e-05,121.431
7BD50ATrF3Vab5FQy7vtK8,70,0.577,0.462,-7.989,0.258,0.0279,0.0,128.303
5K7AMlpc4796JRWXb26nCV,69,0.371,0.609,-5.524,0.426,0.0295,0.0,136.526
3K7vPyMCcecKRotnu08MMP,60,0.635,0.274,-13.53,0.316,0.033,0.0,93.025
6l9sGLm3Sul0unxCZBV7Cq,20,0.492,0.245,-13.136,0.337,0.0271,0.0,149.041
60mGckXEG1EzR4VmjYLfEW,67,0.626,0.425,-15.656,0.952,0.0356,0.0,150.875
51A8eKvvZz9uydvIZ7xRSV,64,0.454,0.555,-6.69,0.171,0.0283,0.0,171.862
2puuGWczAKTHZ2vIJmp8B8,27,0.804,0.437,-11.841,0.819,0.0426,0.0,84.987
5fVZC9GiM4e8vu99W0Xf6J,81,0.64,0.743,-4.08,0.361,0.0379,0.0,122.035
3hUxzQpSfdDqwM3ZTFQY0K,86,0.532,0.623,-9.208,0.403,0.0331,7.28e-05,89.937
5jzDnEoTtwzvJfvVx52rDC,61,0.476,0.495,-9.949,0.446,0.0301,1.97e-06,180.191
3qE6p9fN4YeILT0cQcY1cD,66,0.549,0.89,-7.973,0.84,0.0613,0.00053,149.092
0aV5uARAknQgYhBaK944FP,80,0.483,0.84,-6.508,0.55,0.119,0.000575,157.979
3pUa0ZxdSeaJXm0EIydD3F,70,0.488,0.832,-6.508,0.554,0.114,0.00288,157.984
2hKdd3qO7cWr2Jo0Bcs0MA,80,0.481,0.638,-5.862,0.497,0.0276,0.0,79.064
7IljDTNkQEyy77CcaRbiAj,65,0.231,0.477,-7.748,0.235,0.029,2.61e-06,95.969
4llK75pXNWZz6KAho2Gp16,81,0.651,0.663,-5.569,0.465,0.0281,0.0,102.0
4FFSK1xgCLkTZJLUERLZKG,61,0.712,0.44,-11.566,0.312,0.0413,0.0,123.958
2DnJjbjNTV9Nd5NOa1KGba,77,0.659,0.678,-8.18,0.647,0.0313,6.69e-06,106.186
1XpYodsD36XN7ygcdF7mJJ,69,0.642,0.289,-9.918,0.407,0.0367,0.0,84.996
1eyq8cjUQ2daFthW2PC2GM,73,0.52,0.61,-7.935,0.329,0.0282,2.95e-06,144.983
3iMLRCGHLQ135LtMjKLkO8,60,0.671,0.514,-13.561,0.803,0.0239,1.53e-05,100.771
2bCQHF9gdG5BNDVuEIEnNk,76,0.853,0.981,-3.947,0.595,0.0751,0.468,118.193
2TPcH3YlcOa6vWxS63VILx,41,0.726,0.486,-8.774,0.476,0.0237,0.00022,95.983
32iNr3J93tqFkxaMYwdRYi,69,0.456,0.383,-9.184,0.301,0.0344,0.0,179.772
0NFVg74sSsdU1gNc9xfpIO,68,0.6,0.537,-7.972,0.316,0.0273,0.303,78.049
21n769QrJtrmN0pXuBkYOm,54,0.555,0.502,-11.222,0.218,0.0256,0.0,113.369
7sapKrjDij2fpDVj0GxP66,73,0.706,0.713,-5.512,0.544,0.0301,0.0,102.037
6yLIqXX9edg1x0HZS7cZEv,67,0.279,0.473,-8.375,0.246,0.0309,0.00164,167.792
1M39ETXmej4g9EMSeXPUgj,68,0.685,0.522,-9.635,0.509,0.0415,1.31e-06,156.529
61y28QdZIXzVtNIs3xZuaT,49,0.757,0.489,-10.924,0.875,0.0346,0.613,136.644
2qxXypNXOJZ5qUFdpzJ56n,61,0.45,0.602,-4.801,0.316,0.0264,0.0,170.043
6YPb7DMon2lInNJciLwgzG,51,0.281,0.339,-11.472,0.163,0.0288,0.903,125.207
1GeNWyZtCHbcp3ZWp8GTOO,77,0.548,0.294,-17.112,0.491,0.0333,3.34e-06,76.698
1wtOxkiel43cVs0Yux5Q4h,83,0.663,0.319,-13.481,0.193,0.0375,0.000993,109.957
5mnvqisoDJilY0uCEdT8rG,51,0.507,0.198,-16.089,0.601,0.0324,0.0,141.261
7FMXSSzIRW8aJwUPfzXsa2,53,0.431,0.485,-11.844,0.699,0.0279,0.27,177.329
0Rw4aFSwMEhtVLzmy2xr5v,30,0.446,0.418,-8.852,0.233,0.0286,0.0,145.04
0ju1jP0cSPJ8tmojYBEI89,65,0.505,0.258,-12.193,0.641,0.0297,0.0,141.003
0mZ5GyrHG908lqrHaTw4hi,71,0.641,0.552,-5.423,0.152,0.0283,4.63e-06,90.098
0w6qnStMvC77oV25dTSiYg,52,0.43,0.56,-9.62,0.391,0.0268,0.000107,72.238
4BM8yJ0PzBi2ZewpMTOxtx,70,0.354,0.535,-8.876,0.434,0.0303,2.9e-06,110.821
3GXrjXQlTK1wa2gLEdviwm,33,0.633,0.607,-4.184,0.298,0.0314,0.0,125.888
1nAexCn3dPoFSmE7h6P5S7,64,0.591,0.345,-11.007,0.264,0.0391,1.87e-06,119.333
1pNcUexH7BdMFWFaxV3ltq,60,0.754,0.715,-4.434,0.405,0.0525,0.0,100.001
3rQjc4GGMcrtXwis7vBzaQ,58,0.562,0.219,-13.2,0.106,0.0312,0.000296,127.831
1Su4HXSrbzj02CPBOoVLli,52,0.655,0.445,-7.703,0.126,0.03,0.0,145.989
7ByxizhA4GgEf7Sxomxhze,72,0.637,0.651,-7.089,0.485,0.0521,0.0,115.926
5SAckbSHhNJ41b3bn5XwPL,55,0.596,0.576,-7.636,0.159,0.103,0.0,107.963
11y8GSP2ASv8S9n0FiiDva,60,0.452,0.313,-9.309,0.344,0.026,2.6e-05,75.806
17OcYtOhsN5zcrX3Q1TY9X,39,0.384,0.598,-4.842,0.154,0.0308,0.0,167.899
04N18CfIbOJPnVLGOKgJNB,47,0.63,0.514,-8.005,0.477,0.0521,0.0,89.128
5RdhBLmB4DyFHLglRrfx63,66,0.51,0.515,-7.247,0.331,0.0253,1.24e-06,93.212
3ZjnFYlal0fXN6t61wdxhl,54,0.285,0.371,-6.833,0.372,0.0295,0.00392,154.989
2pRNMwZ4lmmXBQRjytMyi2,42,0.48,0.31,-15.418,0.146,0.0439,0.218,109.982
0A1JLUlkZkp2EFrosoNQi0,77,0.406,0.306,-15.48,0.122,0.0517,0.488,110.014
0Oj0TT23GBH2XuHAaSsloH,63,0.41,0.361,-14.061,0.134,0.0351,0.000174,120.0
7JSR685hpFDqvTSNHeSKjL,36,0.503,0.389,-9.096,0.327,0.0304,0.0271,105.823
2gSNBigeWMVtY3QBIvPAEc,65,0.787,0.889,-3.786,0.394,0.0397,0.423,114.091
0HZhYMZOcUzZKSFwPOti6m,74,0.349,0.348,-6.142,0.0886,0.0316,0.0,74.541
4zXOUCBRI3DcPboKXZeFu5,41,0.664,0.335,-7.336,0.237,0.0281,0.0,144.967
5JGdpqo9wrRtOZtui5GShI,61,0.4,0.563,-10.233,0.442,0.0307,0.0,138.006
3lPZhvbcNDZIxZH8IB6wmc,23,0.532,0.544,-6.25,0.421,0.0245,0.0119,136.954
3JvKfv6T31zO0ini8iNItO,92,0.445,0.537,-8.532,0.131,0.04,1.65e-05,122.769
7LOYcC6phKAVOckgmVZJJT,56,0.821,0.379,-15.489,0.914,0.0334,0.0,109.123
1LvU6IFqQnXOIwJyBDb2io,69,0.752,0.679,-6.453,0.704,0.0391,0.0,127.945
0VNzEY1G4GLqcNx5qaaTl6,70,0.419,0.085,-19.387,0.458,0.0362,5.33e-06,91.509
5Anh8jULgeUgciLHCR25Mk,63,0.606,0.226,-10.617,0.142,0.0347,0.0001,122.711
7dQC53NiYOY9gKg3Qsu2Bs,72,0.513,0.262,-16.875,0.357,0.0276,5.51e-06,108.383
1EzrEOXmMH3G43AXT1y7pA,81,0.703,0.444,-9.331,0.712,0.0417,0.0,150.96
1MaqkdFNIKPdpQGDzme5ss,66,0.521,0.702,-5.189,0.25,0.0331,0.0,127.976
5CPhJCZQVAX3lkvTXgH1xD,41,0.274,0.0857,-16.055,0.132,0.0321,1.29e-05,96.276
5wANPM4fQCJwkGd4rN57mH,86,0.561,0.431,-8.81,0.137,0.0578,1.42e-05,143.875
38zsOOcu31XbbYj9BIPUF1,81,0.554,0.315,-11.028,0.325,0.0298,5.53e-06,128.157
37mbA1RwYja7WFaIOzSczX,59,0.487,0.611,-8.757,0.621,0.0389,0.00104,187.56
55wl56WlKI85UBNZoFxe9P,64,0.583,0.313,-14.36,0.346,0.0256,0.0,96.717
0iWCpaSaiIZVPSqjZ9YB5L,57,0.516,0.888,-4.715,0.327,0.0417,0.0,114.028
77sMIMlNaSURUAXq5coCxE,79,0.569,0.741,-4.963,0.43,0.0282,0.0,100.118
6mIY6O7uNGgVqOoX70UAYh,66,0.523,0.366,-14.069,0.291,0.0331,0.0,142.814
3nqqDo8CcCLke3ZoTgiOKf,76,0.605,0.629,-5.051,0.308,0.0279,0.0,99.894
32RxZnEk5KyWUTZR4azxbD,61,0.313,0.275,-12.501,0.148,0.0326,0.0003,124.085
6G41H0Zd0kQ1WXWDoEotoJ,59,0.728,0.454,-9.281,0.323,0.0278,1.39e-06,130.368
6nq7VHJQOmFcqVqaeKmsDr,41,0.423,0.548,-6.742,0.398,0.0278,0.0,141.062
789CxjEOtO76BVD1A9yJQH,74,0.621,0.31,-10.164,0.125,0.0283,6.12e-05,111.893
3UMrglJeju5yWyYIW6o99b,81,0.573,0.741,-8.987,0.554,0.0353,2.23e-05,96.016
1ZMiCix7XSAbfAJlEZWMCp,84,0.567,0.267,-6.502,0.0592,0.0299,1.46e-06,110.011
67HKtdqchK0rmODxsBeWT8,61,0.297,0.364,-9.261,0.149,0.0305,0.000761,122.598
5Vgx4jtn7Xf7KEIogHIcCZ,48,0.583,0.301,-10.598,0.337,0.0243,0.0,79.364
3eRLKD1Lgc2OrYGxRxX62s,48,0.208,0.342,-8.702,0.135,0.0327,3e-06,186.162
4R2kfaDFhslZEMJqAFNpdd,89,0.613,0.581,-8.588,0.551,0.0424,0.000345,130.033
3zxklD2EGecZre9MjEEvIU,64,0.732,0.161,-12.817,0.5,0.0306,0.000379,95.21
3CV4lFELdziNM1OnHU8nwz,64,0.335,0.251,-6.225,0.0863,0.0317,0.0,153.298
2l57cfmCnOkwNX1tky02n1,69,0.518,0.916,-3.858,0.646,0.0454,0.0,109.864
4RAOI1etsgbh5NP3T5R8rN,74,0.289,0.796,-4.22,0.33,0.0494,2.61e-05,169.835
6vYYt9fTorwdo6sxoceMQC,41,0.652,0.605,-11.14,0.72,0.025,1.31e-05,96.808
5MoDQWMDMaAGDEiWsJfeCi,69,0.526,0.358,-7.239,0.399,0.0243,0.0,78.989
2Ugconvpew97ofQ71dfi8K,47,0.316,0.135,-15.419,0.342,0.0354,0.0,144.381
1jy0RbDHyBMTupSdc98XbG,63,0.335,0.262,-13.832,0.203,0.0393,0.0,68.82
4sQmCQUZcnBPaVm4dEUKv7,66,0.658,0.82,-5.825,0.697,0.0674,0.0,112.938
1JCCdiru7fhstOIF4N7WJC,64,0.572,0.499,-5.237,0.108,0.0311,0.0,101.593
40IHflbrHcOuC8ZcYxUSAC,60,0.652,0.397,-15.245,0.858,0.0385,0.000946,82.235
7h70RTLbnhDyPGXjl3iEhh,66,0.581,0.717,-4.433,0.316,0.0318,0.000186,107.884
6WVfA4qZX5BIpJRzgYjniV,53,0.668,0.283,-10.071,0.459,0.0413,0.0,94.042
1D4PL9B8gOg78jiHg3FvBb,78,0.617,0.741,-3.97,0.306,0.0311,0.0,118.984
0ll8uFnc0nANY35E0Lfxvg,77,0.453,0.655,-4.22,0.368,0.0259,7.61e-06,172.012
3CeCwYWvdfXbZLXFhBrbnf,81,0.626,0.79,-4.302,0.416,0.0311,3.97e-06,119.082
5aeQMQDWe64gVnVYSOqW6A,62,0.581,0.169,-13.449,0.362,0.0675,0.0,160.156
4xiaE15ARCs5CVPA6J8gmC,57,0.521,0.233,-13.683,0.4,0.0254,0.0,78.93
0KMGxYKeUzK9wc5DZCt3HT,77,0.434,0.563,-6.784,0.275,0.0268,0.000824,104.183
0DKNNR9iDjwfCEpMiFXMJq,67,0.597,0.931,-4.591,0.534,0.0984,0.0,92.003
1Jj6MF0xDOMA3Ut2Z368Bx,71,0.724,0.436,-9.321,0.324,0.0282,1.19e-06,130.439
0vswnzoKvhNkT1ehc0Tt19,67,0.46,0.505,-5.487,0.22,0.0266,0.0,135.757
1QvPIlDwzql2ub5MCyYa78,62,0.774,0.849,-2.986,0.962,0.0301,0.000199,126.996
65h7Qhxl2WfW31Bl6sjWAI,63,0.496,0.338,-9.512,0.202,0.0316,0.0,129.486
1BvJmtaXsqtH438BcDPeBb,69,0.688,0.477,-11.945,0.897,0.029,4.93e-05,132.071
3wfujdbamR3Z46F4xav7LM,68,0.582,0.606,-9.961,0.504,0.0289,0.00139,111.441
6d1IYeSfyqOTW61rPgocGD,65,0.595,0.546,-6.251,0.255,0.0267,0.00422,131.136
214nt20w5wOxJnY462klLw,81,0.662,0.747,-6.926,0.487,0.0736,0.00615,150.088
0VE4kBnHJUgtMf0dy6DRmW,84,0.562,0.689,-6.745,0.351,0.127,2.23e-06,172.054
34E0Higz6fFVXlbVsn6TIW,64,0.552,0.265,-15.482,0.212,0.0332,0.0,135.476
60c0p6GGnuwdKcQnmuM2zC,65,0.418,0.721,-2.736,0.233,0.0383,0.0,144.063
1TX2IeSDuozjBh2Qqepf05,47,0.489,0.306,-9.326,0.6,0.0289,0.0,202.281
7BdXRaSlGAzhySfuW3y8h5,68,0.586,0.331,-14.677,0.223,0.0295,1.67e-05,124.915
4W4fNrZYkobj539TOWsLO2,87,0.575,0.5,-7.594,0.506,0.0707,0.0,67.033
77loZpT5Y5PRP1S451P9Yz,83,0.472,0.671,-4.649,0.0681,0.029,0.0,82.952
3Z2anmIVG8b1GelyeFQdnP,67,0.533,0.24,-9.512,0.265,0.0424,0.0,175.486
4RCWB3V8V0dignt99LZ8vH,80,0.656,0.291,-10.572,0.298,0.0293,0.0,103.971
313YEBGwW9UyaU8OGPiwD1,47,0.64,0.431,-9.618,0.394,0.029,0.00352,122.052
1p80LdxRV74UKvL8gnD7ky,81,0.753,0.678,-5.421,0.583,0.0644,1.64e-06,96.006
1exLL81vN8mD55M9HMOt1t,66,0.451,0.424,-13.208,0.394,0.0371,1.77e-06,141.836
2T9WeqSMJJb8YBDHPYGU4p,70,0.642,0.695,-5.62,0.642,0.0281,1.02e-05,103.984
4VqUvTa7j2ETBL0youqSA3,35,0.457,0.575,-4.723,0.222,0.0249,0.00152,159.938
5VGlqQANWDKJFl0MBG3sg2,78,0.276,0.715,-5.356,0.173,0.0432,0.000417,137.028
6TvxPS4fj4LUdjw2es4g21,71,0.475,0.26,-15.997,0.339,0.0322,0.0016,137.212
5CRVwXGikmqzoRO6q7FeAg,70,0.565,0.245,-9.132,0.307,0.0262,0.0,75.055
1Qa0Y05al633fG8f9Peytc,67,0.471,0.494,-10.407,0.373,0.0312,0.0944,79.255
1dMilrhgON9TIGPVdWG2dX,57,0.377,0.606,-7.409,0.291,0.0262,0.00877,83.972
36lkJSDyMEZoWTqtRj8Q8q,74,0.583,0.602,-6.364,0.388,0.0274,0.0,74.008
2Guz1b911CbpG8L92cnglI,66,0.29,0.48,-6.583,0.382,0.0296,3.03e-06,112.62
1L9fzw2pXprOqtemTwtxXF,68,0.602,0.536,-9.74,0.506,0.0288,1.9e-05,124.558
57ct8jKi6trntXiRV0NnXi,69,0.612,0.24,-12.821,0.223,0.033,7.86e-05,122.565
6Bm6qUCSatPAqkQllFL7oA,68,0.256,0.788,-5.263,0.429,0.0403,0.0,80.718
2IIdrejPZuHHFpc3LbTtEK,52,0.471,0.549,-5.696,0.141,0.0315,0.0,83.681
78Sw5GDo6AlGwTwanjXbGh,94,0.574,0.469,-8.209,0.288,0.0254,9.21e-05,132.023
7ePEIbrsRXk9En7noiLAo7,65,0.563,0.184,-16.386,0.194,0.0417,0.0,128.048
1oTo3ijRbaDAtrjJrGAPSw,72,0.664,0.781,-6.547,0.593,0.0339,5.33e-06,110.0
5B83TP5fQJkkVr20xd5DGr,31,0.499,0.341,-10.946,0.37,0.0263,0.000503,132.114
4kOfxxnW1ukZdsNbCKY9br,71,0.851,0.406,-11.631,0.792,0.0661,6.41e-06,97.84
3yXdq79wD4nTG6X5ND7eXC,28,0.637,0.794,-6.093,0.643,0.0486,0.0,124.081
3lTxG17fsMrjrNkTNJ9NaZ,60,0.565,0.471,-9.046,0.355,0.0306,6.39e-05,165.055
4RWAWUoPEcQk0QDj8JGmAz,53,0.572,0.983,-2.848,0.552,0.0828,4.61e-06,127.97
3QF5RsWzK1lCvf2o2cY65P,74,0.562,0.388,-12.088,0.159,0.0705,0.00145,107.747
6zC0mpGYwbNTpk9SKwh08f,76,0.572,0.214,-15.625,0.485,0.0293,0.129,95.542
6B4oVElDIKRNcNUary0WG7,63,0.662,0.719,-6.606,0.511,0.0298,0.0,95.001
371Tb0eNfpjpSqggjcLv8c,59,0.313,0.713,-4.489,0.196,0.0327,0.0,169.871
1kiNatIrwDusOZfR29W0LJ,68,0.808,0.812,-5.012,0.269,0.0381,7.91e-05,100.331
3FD0RyHoYObYJkBIDGra4W,36,0.583,0.415,-8.854,0.245,0.0301,3.39e-05,136.065
3nlVjrlLMJHC7Flf9impf9,66,0.795,0.75,-3.604,0.762,0.0526,0.0,115.005
2BABTeUx608FA8b47bDuLK,54,0.625,0.312,-14.797,0.319,0.0334,0.000181,128.575
3jABliRFbqeVTfbXk7SW67,43,0.542,0.408,-8.457,0.0584,0.028,0.0,139.01
7p4dXTNsIxNChS4nVYgH7m,31,0.454,0.535,-8.404,0.247,0.0314,0.000191,135.399
2HeLqRgQRttQE16abLHfR5,54,0.378,0.436,-15.075,0.507,0.0783,1.37e-06,120.463
5nDSJO4909uNzMcZH3CggS,59,0.537,0.417,-7.209,0.256,0.0273,1.86e-06,144.716
2vwlzO0Qp8kfEtzTsCXfyE,82,0.53,0.422,-6.262,0.349,0.0342,0.0,119.964
1dGr1c8CrMLDpV6mPbImSI,87,0.359,0.543,-7.582,0.453,0.0919,1.58e-05,68.534
2QDnRMFfnes9DUWc6HgixI,65,0.332,0.429,-8.376,0.239,0.0287,3.18e-05,128.073
5d4E1hgkLyb7sXr5J3InnM,64,0.497,0.296,-10.756,0.171,0.0302,0.0,62.204
7erXAfnatmoUow8DnbseOY,57,0.741,0.421,-6.789,0.595,0.0303,7.19e-05,134.621
6AtZLIzUINvExIUy4QhdjP,78,0.584,0.557,-6.371,0.767,0.0342,0.0,154.008
7okbmgA8lRBGl5limZ7LFM,68,0.528,0.234,-15.784,0.191,0.0283,0.0,95.911
1B5Tp2Ml9nLlmTSJx8xVfI,72,0.358,0.387,-14.342,0.495,0.0324,0.0121,181.183
199E1RRrVmVTQqBXih5qRC,76,0.658,0.378,-8.3,0.0382,0.0379,0.0,108.034
3eX0NZfLtGzoLUxPNvRfqm,82,0.637,0.398,-8.294,0.0374,0.0564,1.03e-06,108.075
7DAB0lFAvDT0Nhw5BjBqt1,50,0.658,0.401,-8.377,0.0384,0.0367,1.2e-06,108.049
6NGsHLZYGVAkXTFr75WWnn,56,0.293,0.0348,-23.92,0.101,0.0414,0.000212,130.959
3mlMpmY8oZIBFc39D9zLbh,66,0.299,0.329,-10.096,0.392,0.0279,0.0105,132.282
0uTVChzibEWKrXojPaJ9y1,42,0.531,0.397,-7.63,0.235,0.027,0.0,99.822
27rdGxbavYJeBphck5MZAF,79,0.601,0.794,-5.844,0.244,0.0671,1.36e-06,114.066
4ztwMHfPZhPoruZdBbgriM,58,0.39,0.0803,-20.518,0.184,0.0306,0.000639,150.503
790YJcgHlN3SaosQCHlWzn,60,0.331,0.183,-11.63,0.26,0.0287,9.07e-06,79.195
2MV8uNAfSBYuMlMUas6bDC,46,0.693,0.375,-9.458,0.493,0.0391,0.000115,129.828
28cnXtME493VX9NOw9cIUh,75,0.534,0.392,-7.636,0.163,0.0267,0.000227,90.379
3dFR132gzO8jxD57R2gid3,59,0.333,0.367,-10.06,0.0685,0.0291,1.19e-05,77.986
0cFlXjTxFdMGGPfLVpt3Wv,55,0.418,0.402,-12.942,0.601,0.0288,0.0,133.683
3xFhn0a0C2khTewk69wpPN,27,0.45,0.284,-6.221,0.337,0.0251,1.19e-05,90.743
5fWRLdgfMlbKDncAhdN9zI,57,0.4,0.485,-7.145,0.211,0.0369,0.0,159.909
6PdWPdgPoVCT9WLFMVnhxx,70,0.313,0.172,-13.905,0.0489,0.0443,7.67e-05,153.069
6dfhF1BDGmhM69fnCb6wSC,65,0.259,0.241,-15.955,0.275,0.042,6.62e-06,178.453
6PMDILZiYo4YzMBbE0dGK9,66,0.512,0.588,-8.591,0.242,0.0276,0.000806,144.521
5iUzEn2QzBW0KEWNQO1KQC,47,0.258,0.0971,-13.002,0.0767,0.0302,0.0,65.346
5qFmtU2b7EvbhFG8NZOffH,55,0.516,0.877,-3.52,0.235,0.0435,0.0,111.968
1AnGShYjEaoa1df4eFEX8U,34,0.374,0.473,-7.556,0.606,0.0404,0.000201,203.847
2TjnCxxQRYn56Ye8gkUKiW,69,0.228,0.224,-12.749,0.18,0.0311,0.000222,60.3
5ikG3xm47oLXYTmkun7uQy,35,0.776,0.747,-5.266,0.794,0.032,0.00104,140.039
6iXQrhhgBisdfvS34EMTZ3,70,0.308,0.464,-9.032,0.318,0.0279,2.49e-06,103.734
1xvGuRbLxTkpb5UdUG7HME,52,0.474,0.238,-15.595,0.137,0.0271,3.95e-06,99.005
49RUdNvwSiUTC8fBh4KKoC,63,0.368,0.403,-12.699,0.338,0.0288,7.66e-06,135.384
1wb4P4F0sxAQ2KXrRvsx6n,79,0.585,0.494,-8.751,0.634,0.0353,0.0,133.822
5FgPwJ7Nh2FVmIXviKl2VF,75,0.317,0.172,-10.636,0.0963,0.0326,0.000383,65.18
2yDQVcj26tpi9IUJhw9xDs,62,0.461,0.499,-10.443,0.387,0.0316,0.0,137.687
2nvcTDmZkRWKNMAL29sLHo,62,0.505,0.483,-9.272,0.484,0.0334,0.0,125.839
1Pw5C4N6Fn5E4mGCxmbbVa,70,0.4,0.564,-7.444,0.483,0.0523,0.0,99.269
6naxalmIoLFWR0siv8dnQQ,80,0.751,0.834,-5.444,0.894,0.0437,1.77e-05,95.053
1vZTgn4JXWMahR8r99ug5H,63,0.264,0.32,-11.716,0.171,0.0325,0.00141,138.108
3MjUtNVVq3C8Fn0MP3zhXa,80,0.759,0.699,-5.745,0.907,0.0307,0.000131,92.96
7JOyY9GA3P2Evx50oetDKb,65,0.482,0.211,-14.518,0.158,0.0318,1.36e-05,116.902
1IXfNzFG3JdrjBt8VPDjC6,42,0.708,0.785,-7.963,0.608,0.0498,0.000407,110.961
0heeNYlwOGuUSe7TgUD27B,78,0.751,0.502,-8.763,0.106,0.167,0.0,108.943
0vg4WnUWvze6pBOJDTq99k,77,0.675,0.479,-9.87,0.454,0.0278,1.76e-05,81.998
0sp00HSXkQyqTa6QqM0O8V,72,0.509,0.629,-6.434,0.237,0.0335,1.99e-06,80.012
21ESn5i0tvNqf1dRfZEoIY,28,0.465,0.539,-8.924,0.622,0.0256,0.000405,78.594
0ZNU020wNYvgW84iljPkPP,79,0.553,0.413,-10.037,0.379,0.0334,2.33e-06,110.107
2I8YAEA1VmCuP1wkJHMpTw,71,0.549,0.417,-10.064,0.347,0.035,1.9e-06,110.137
7slO17jNwf7yI0SHLEXIXJ,36,0.698,0.773,-3.257,0.681,0.0428,0.000112,89.03
5QpaGzWp0hwB5faV8dkbAz,76,0.558,0.719,-5.113,0.371,0.0267,0.0,112.027
2zYzyRzz6pRmhPzyfMEC8s,85,0.574,0.913,-4.793,0.423,0.133,0.00158,115.728
6xV6bjb0E7qdY6s1RVVr4t,45,0.696,0.45,-8.138,0.594,0.0482,0.0,120.024
1HNE2PX70ztbEl6MLxrpNL,77,0.568,0.844,-5.875,0.766,0.0505,0.0,116.046
3gIBSlXYIN1mru35l4LWPB,59,0.267,0.252,-11.687,0.13,0.0351,4.43e-05,37.114
63CHa6rmamv9OsehkRD8oz,77,0.58,0.498,-6.901,0.111,0.0277,0.0,116.271
2TTYIwTM2iLC1YOyHuhRMt,69,0.765,0.791,-5.707,0.966,0.0317,0.000154,95.026
6ECp64rv50XVz93WvxXMGF,81,0.712,0.862,-4.612,0.809,0.0378,0.0,95.051
1mo8r5EwAfNElDFOQNgcQ8,51,0.696,0.632,-4.368,0.415,0.0448,0.00152,119.421
1g0zTWTunT008ToMdtGnBm,43,0.634,0.189,-8.42,0.397,0.0329,0.0,149.63
5oqDgw5VGBln5dSIOPWyBq,78,0.649,0.622,-7.054,0.106,0.0582,0.0,90.024
7KokYm8cMIXCsGVmUvKtqf,87,0.642,0.62,-7.091,0.0969,0.0666,0.0,90.02
1Jwc3ODLQxtbnS8M9TflSP,65,0.724,0.891,-7.818,0.818,0.0995,4.72e-05,103.022
10VbGCpgC4FtmYSwBLvIDX,51,0.323,0.42,-10.658,0.286,0.0291,0.002,139.842
64ZxBE1ZgK4C0lGljXzDcG,62,0.48,0.163,-19.117,0.212,0.0645,0.754,158.366
7DFawVSjI88xR9mjnWwURg,73,0.638,0.352,-9.266,0.204,0.0268,0.0,94.173
3fXJBpuXgLyKvMGjDPaoXX,46,0.743,0.421,-8.205,0.397,0.0662,0.0,146.067
0PEeiLVfjAJeTMBIFJF5Uc,39,0.21,0.241,-6.713,0.134,0.0394,0.156,171.5
2TOzTqQXNmR2zDJXihjZ2e,77,0.638,0.259,-10.706,0.269,0.0898,0.0,88.485
1AoQ5MJL4qVdpOvTgn3Ynj,24,0.559,0.844,-5.611,0.882,0.0325,3.48e-05,146.288
5jQI2r1RdgtuT8S3iG8zFC,88,0.733,0.436,-10.489,0.0976,0.08,0.000573,96.985
4g2c7NoTWAOSYDy44l9nub,77,0.735,0.444,-10.519,0.0984,0.0684,0.0012,97.038
5E36pd9opG8oT1GkKYv7qz,53,0.743,0.463,-10.485,0.101,0.0782,0.000634,96.999
4Ey0LK1HzksUqm9JLzzKuD,71,0.436,0.153,-9.522,0.415,0.0454,0.0,71.684
5Q0Nhxo0l2bP3pNjpGJwV1,78,0.652,0.698,-4.667,0.47,0.042,0.000115,96.021
6lfxq3CG4xtTiEg7opyCyx,70,0.266,0.0596,-18.515,0.143,0.0363,7.07e-05,181.74
5wA5mA9v9lPxAaSg1FagG6,60,0.965,0.783,-6.898,0.863,0.098,0.000231,119.94
41V0xv9duWxKziGbAcgEGm,24,0.216,0.419,-8.414,0.583,0.0321,0.0,188.567
5PebmdoxWZkuaIzzWpiBMG,50,0.745,0.557,-6.579,0.381,0.0346,0.0,97.04
15DeqWWQB4dcEWzJg15VrN,76,0.668,0.672,-4.931,0.539,0.0303,0.0,89.011
4RL77hMWUq35NYnPLXBpih,73,0.379,0.29,-8.485,0.169,0.051,0.00106,166.467
6MrILERJLA3Jcq0E9poZsp,69,0.381,0.186,-15.477,0.142,0.029,2.75e-06,65.058
2JoUtztTqCN4ZhmbRDGPIL,66,0.58,0.0842,-15.52,0.388,0.0302,0.00126,92.123
0V3wPSX9ygBnCm8psDIegu,94,0.637,0.643,-6.571,0.533,0.0519,1.8e-06,97.008
02Zkkf2zMkwRGQjZ7T4p8f,77,0.638,0.634,-6.582,0.519,0.0457,1.23e-06,96.953
1BJWay8HsY5Tz8L28itkCk,54,0.639,0.628,-6.606,0.506,0.0525,1.07e-06,96.982
5rVTgdktkVZB9GC8xQsFj7,44,0.18,0.312,-7.821,0.0772,0.0393,0.919,80.462
2P1ZqQq8rQtmV7BLZ0Junn,56,0.736,0.876,-5.438,0.8,0.0342,0.0,104.367
6fuA28tFxMmsx7bmB1bsw4,61,0.561,0.289,-7.583,0.434,0.0278,0.0,108.092
5HlwttV3gvOOF7rBqmTRZN,30,0.658,0.418,-9.678,0.542,0.0563,0.886,82.259
54bh3rnW7Klh29FJ27cxZa,45,0.656,0.37,-11.694,0.867,0.024,3.17e-05,97.381
5ihS6UUlyQAfmp48eSkxuQ,79,0.414,0.161,-22.32,0.423,0.0318,0.000223,159.375
59ZoqnXZUghkEqlkNRW77h,41,0.406,0.175,-12.807,0.238,0.0346,2.53e-06,135.34
2xUJuCA9W6zSSNzNIGQ2AP,36,0.534,0.865,-7.243,0.718,0.141,0.0,155.306
2NmaDAnnP9zspaHLc5aSjb,65,0.497,0.222,-10.72,0.46,0.039,0.0,150.175
3SsGrCb1eaSpGhRDqPaTln,64,0.588,0.182,-11.487,0.217,0.0302,0.000427,95.915
1w1kzejjmiMhdWAOecgo4l,60,0.671,0.71,-6.749,0.711,0.276,1.58e-06,98.074
0VIItQF40bAL6cEJSQmpvx,39,0.515,0.832,-6.183,0.657,0.0569,9.71e-05,112.45
0rFOs9paloAvEtzwDX1Kmc,69,0.697,0.474,-6.663,0.249,0.0351,0.0,127.904
7pDrnL68UfpdFHgyMdcvN6,50,0.358,0.228,-9.925,0.566,0.0342,0.0,167.156
0815caqt2Lytro5EIzMufT,76,0.459,0.427,-7.734,0.354,0.0267,0.0,139.902
56ilrbKJF2bph5W6eZaM5E,63,0.308,0.0427,-24.709,0.383,0.0336,0.0,158.399
0jkzxxDG8z3Y5OmfNl1VM0,73,0.503,0.643,-6.494,0.43,0.0407,2.27e-05,169.955
4D7BCuvgdJlYvlX5WlN54t,84,0.696,0.396,-10.289,0.38,0.0656,5.2e-06,120.041
7gVWKBcfIW93YxNBi3ApIE,76,0.694,0.38,-10.307,0.376,0.0614,8.47e-06,120.044
5eZin4PL4EZpemG7Vi6Qvq,49,0.696,0.56,-9.137,0.39,0.0664,7.88e-05,164.0
3qoftcUZaUOncvIYjFSPdE,84,0.696,0.559,-9.19,0.433,0.0693,5.58e-05,163.999
7712gjoih4QoDbXpljEk21,78,0.7,0.509,-10.547,0.345,0.0789,3.27e-05,110.947
7qUTZEf6bgiApJEXpMAH5y,63,0.419,0.516,-9.937,0.476,0.0335,4.41e-06,97.884
7wWw7hBmErNg9u5w6Xx0vy,71,0.629,0.356,-11.135,0.472,0.0246,0.000617,83.886
49dufMDux72V17k7cEYEkS,50,0.474,0.231,-11.466,0.372,0.0318,0.0,182.582
5AUs5AhzesAk96EmYO8oNQ,38,0.585,0.69,-6.161,0.339,0.0242,0.0,99.995
4zK1pYVKMB13es6Bim0muF,58,0.399,0.322,-14.021,0.33,0.037,1.48e-05,145.743
56hioFjQ0DXrdn04hZcFgG,76,0.661,0.352,-14.077,0.13,0.117,0.00147,125.934
7FmYn9e7KHMXcxqGSj9LjH,79,0.662,0.357,-14.064,0.124,0.154,0.00129,125.966
7zcJSflhqcSGICHUjgncnj,47,0.661,0.354,-14.088,0.123,0.142,0.00121,125.974
3g2fYZW5v2od8KIF7VktT0,63,0.336,0.248,-15.626,0.298,0.0324,0.0,128.548
1Dgcy5t2hwVGWqvbMJr88F,60,0.688,0.503,-6.904,0.167,0.0309,0.0111,134.076
2ZTCl6wQMDSMfY4s8GHZdj,65,0.607,0.281,-12.632,0.468,0.0258,0.000123,134.977
3kZC0ZmFWrEHdUCmUqlvgZ,66,0.517,0.206,-12.233,0.489,0.0421,0.0,80.401
0dAGxczG1H07kGEIwRijZi,23,0.273,0.405,-8.608,0.186,0.0327,1.24e-05,179.739
04j67XNNVu1HI7JrIlMM3S,58,0.553,0.931,-3.663,0.815,0.0378,3.23e-06,137.992
5YhIwCzTBYp9TfSYFRyFL6,45,0.336,0.159,-14.899,0.392,0.0463,9.79e-05,176.768
0wavGRldH0AWyu2zvTz8zb,78,0.337,0.156,-14.919,0.39,0.0518,7.72e-05,176.655
7pKfPomDEeI4TPT6EOYjn9,78,0.547,0.257,-12.358,0.169,0.0252,0.183,75.752
4X0YxjnkSXCeVcYOkkAsyH,57,0.469,0.752,-10.429,0.708,0.0314,1.66e-05,130.715
4ZYCwq1EMPY5zZt195ARWg,64,0.437,0.373,-14.846,0.355,0.028,1.2e-06,93.519
10r6fXqVFUfARiEswa4wqV,62,0.608,0.184,-12.32,0.159,0.0397,0.0,138.967
1mU5MuybBuNcKvyUzUdnnB,39,0.665,0.357,-6.482,0.537,0.028,0.0,77.561
3cflKYvbpuih1EKvgREcEg,56,0.365,0.338,-13.406,0.446,0.0322,0.0,79.241
52VIdyKqp1pJRSyUQaxKUA,72,0.365,0.338,-13.406,0.446,0.0322,0.0,79.241
4bPQs0PHn4xbipzdPfn6du,74,0.569,0.83,-4.106,0.609,0.14,0.0,170.094
0hiHNxqKGf3GZgVTIOAiiK,68,0.614,0.526,-7.492,0.366,0.0603,0.0,177.913
5u2FOoFhp495GIj5BJC77J,67,0.46,0.91,-3.71,0.327,0.0525,0.00155,73.019
6VJSxji17kGjyLagYztFWW,52,0.35,0.0695,-19.529,0.22,0.0889,0.0,86.621
0mBL2JwjNYKtdFacHxvtJt,59,0.515,0.98,-2.41,0.933,0.0701,0.0,164.698
5y788ya4NvwhBznoDIcXwK,75,0.525,0.216,-13.551,0.328,0.0301,0.0,106.761
5BUq9bdtsm3LWw5laJeJ4R,71,0.59,0.338,-13.101,0.322,0.03,0.0131,110.581
2IcqY68BxP1ONPi3ME6aje,62,0.335,0.303,-10.943,0.186,0.0315,0.0271,114.224
0j3GgpDSr6ROmp49hcocNR,50,0.362,0.188,-16.423,0.192,0.0334,0.0535,115.13
4t374JpKYq4OGTUoJ4PVwm,54,0.584,0.186,-17.158,0.336,0.0258,6.21e-06,85.731
7t3Xdbufg7q2onVsR8RBdY,77,0.584,0.408,-7.356,0.333,0.0461,0.0,115.129
2fywBLXK9GQi8YR8C8d3c4,68,0.396,0.451,-7.109,0.358,0.0362,0.0,169.518
6a4mvE1CdiRMPyAvG8ByLN,47,0.729,0.296,-14.321,0.66,0.0286,0.0,114.434
0xldle4vatMjuZ4xeMa3Ma,27,0.377,0.39,-8.259,0.241,0.0403,0.0,73.028
39qcM4KB0xq0G8No41ljaK,21,0.621,0.904,-5.475,0.628,0.0423,0.0,112.29
476V2d6iA2tWXgQboKmTtA,76,0.495,0.326,-12.29,0.371,0.0365,8.85e-05,136.243
2eg3CoqVGI21N8115BgdQA,46,0.315,0.313,-9.339,0.259,0.0297,0.0,78.356
0mflMxspEfB0VbI1kyLiAv,77,0.662,0.488,-6.894,0.817,0.0682,0.0,117.913
2lZoCCtydWfVmbGd8kaNt8,27,0.563,0.483,-8.993,0.753,0.0288,0.000198,117.577
0mbS3VwRbO6HVBMPXnzOGA,70,0.423,0.384,-12.503,0.521,0.0315,4.11e-06,90.43
4J0DbyODwZJcmIAiTSJfMF,72,0.304,0.305,-10.879,0.464,0.0298,0.00368,146.066
1JY9hsqLWZ3JB3K39Ve1xF,60,0.377,0.183,-12.679,0.369,0.037,8.56e-06,71.276
5C1TucCRf4Vjjree1OItyv,69,0.708,0.339,-7.085,0.512,0.0409,0.0,117.995
76OGwb5RA9h4FxQPT33ekc,90,0.565,0.636,-8.198,0.525,0.0638,9.9e-06,170.01
6H7nDglS6xWpRidbhMwI2L,67,0.585,0.511,-9.37,0.552,0.0391,0.007,105.898
1BxfuPKGuaTgP7aM0Bbdwr,91,0.552,0.702,-5.707,0.564,0.157,2.06e-05,169.994
3wwXUFIYX044Tqiy3AFpLO,60,0.573,0.719,-5.502,0.548,0.026,0.000555,99.349
2kIq7Oq6YNfdUuTrmPC4w1,63,0.411,0.847,-3.705,0.398,0.219,0.0,182.496
4so0Wek9Ig1p6CRCHuINwW,50,0.317,0.158,-16.485,0.247,0.0381,0.353,130.503
1XeCCcv0C9vD6Z8P9E8uhG,51,0.393,0.248,-10.942,0.203,0.0363,1.88e-06,80.755
40gxMiWbTEZUa6c2bGlBJz,34,0.515,0.0731,-13.834,0.27,0.0383,0.0,108.227
5dsKr9alhhAo5dAF1tfBRT,47,0.601,0.103,-11.856,0.421,0.0308,2.92e-05,85.957
6nRvgo4ySezQKD1D7NIqAu,62,0.446,0.142,-13.498,0.156,0.0335,0.00114,135.724
77bNe6jYY8yHdP7orXrz5I,61,0.446,0.142,-13.498,0.156,0.0335,0.00114,135.724
2tGvwE8GcFKwNdAXMnlbfl,84,0.395,0.443,-9.72,0.338,0.133,9.67e-06,168.924
54MXF9I8s3DuiQo3g0gZ5k,75,0.371,0.979,-2.701,0.473,0.144,3.67e-06,196.058
0TFBANCgctg5hAt9ez2V2g,55,0.507,0.636,-7.538,0.702,0.0401,0.0,142.248
3rWDp9tBPQR9z6U5YyRSK4,86,0.643,0.363,-11.738,0.23,0.0767,5.17e-05,139.865
4qCySCQyiyLT2mVUOM2zdS,54,0.437,0.374,-8.991,0.461,0.0376,0.0,141.897
6bosHEOlFSNUoBSynAlyps,37,0.735,0.207,-9.994,0.491,0.0447,0.0,111.852
0zZQ9lSF4d4lT9FRS85Yw3,47,0.445,0.473,-9.042,0.446,0.0267,0.000677,75.468
003vvx7Niy0yvhvHt4a68B,87,0.352,0.911,-5.23,0.236,0.0747,0.0,148.033
12OLyHDxt6dqlAybSPFBK3,77,0.646,0.355,-7.119,0.364,0.0263,0.0,84.988
3VEFybccRTeWSZRkJxDuNR,19,0.417,0.849,-4.199,0.594,0.0481,0.000387,94.267
4qKLJUX5N14OJnmgcNG4cy,30,0.516,0.928,-4.929,0.53,0.0505,0.0147,117.884
2ozTcQyZQmm9tSmc4VZfwU,66,0.495,0.613,-9.463,0.924,0.0239,0.0058,100.535
2Oycxb8QbPkpHTo8ZrmG0B,81,0.781,0.67,-3.912,0.595,0.0452,0.0,127.99
3Ie2eLOIj2IhKnzPwXrLbJ,54,0.495,0.142,-16.186,0.196,0.0436,1.93e-06,75.859
6aBiU9lFd3BhtggI7aeqBI,61,0.444,0.351,-9.01,0.0853,0.0287,1.94e-06,132.527
0ZFqB9g2FujbmMSrjqsL3j,55,0.435,0.161,-10.84,0.291,0.0298,0.000214,136.166
2Zg0aB5oVQlbQE1vzQmIIY,69,0.638,0.51,-6.485,0.448,0.305,0.0,114.576
3K7xYRXPFDVyen7cZF5Zk2,66,0.704,0.713,-3.411,0.592,0.0719,0.0,99.301
5yeuXkukVGuix3vmLu2BPJ,75,0.87,0.279,-11.134,0.16,0.364,1.74e-05,79.996
1xwAWUI6Dj0WGC3KiUPN0O,80,0.798,0.277,-11.096,0.163,0.39,5.25e-05,79.846
5Yo8iKcDFk5aJ2Pntaz8UH,60,0.376,0.119,-17.643,0.0752,0.0431,0.0321,122.679
4feXcsElKIVsGwkbnTHAfV,74,0.257,0.338,-12.902,0.544,0.0357,0.0,207.356
5xYwXcbCwdmLeOweJtJhEx,42,0.755,0.9,-6.04,0.867,0.117,0.0,128.597
2SpEHTbUuebeLkgs9QB7Ue,75,0.674,0.537,-10.971,0.809,0.0363,0.0,110.578
1EHUQesfVKwbthtNcpBi9g,74,0.655,0.469,-6.257,0.467,0.0292,0.0,92.56
5TNX6rJ91T8PdEt94X50Y9,65,0.293,0.932,-2.559,0.514,0.11,0.000667,122.739
1gJOqXpRjz9GeEEwQpcujK,69,0.297,0.182,-10.944,0.092,0.0298,0.00267,83.391
07RmHXaYqBdUyfAESPZkRO,38,0.47,0.232,-15.662,0.552,0.192,0.0,201.258
4i4WsUvJEgB4V6AyONAJe8,64,0.743,0.666,-8.337,0.492,0.0546,1.77e-05,101.002
7Jpclr7tZ6aQXjoKzWXUJV,64,0.736,0.321,-13.474,0.342,0.0444,0.00897,84.928
6d3edMXJpns1A0zGKkmlGw,64,0.706,0.82,-4.469,0.595,0.0562,0.00186,118.951
2QTDuJIGKUjR7E2Q6KupIh,67,0.259,0.583,-9.489,0.24,0.0418,0.978,111.153
6pCd2zvhmjzIUVX0fKqqe4,24,0.846,0.49,-9.07,0.791,0.0452,6.63e-06,116.664
2pXpURmn6zC5ZYDMms6fwa,51,0.724,0.276,-12.25,0.718,0.0599,0.0,112.874
3PzsbWSQdLCKDLxn7YZfkM,77,0.62,0.446,-14.451,0.868,0.0347,0.0299,88.591
1Fu3gq55GH3P6OF352rEIc,60,0.388,0.176,-16.952,0.342,0.0299,0.000336,97.628
40W8Mm9t3ZO1iNQlls35lL,67,0.388,0.176,-16.952,0.342,0.0299,0.000336,97.628
14ahZtLV5yKtqQATTfQta0,59,0.682,0.529,-9.862,0.39,0.0469,0.000294,126.995
6eMjSKkY61gwiUVBB2OYaB,44,0.337,0.234,-8.54,0.205,0.035,0.0,181.458
4l0Mvzj72xxOpRrp6h8nHi,83,0.488,0.343,-8.985,0.0978,0.0436,0.0,102.819
5ZtOg6T7qui1IMSwGh358t,58,0.597,0.283,-9.468,0.438,0.0292,1.28e-06,88.867
4t8tx6o7oM6Ax66ZUU361y,69,0.536,0.446,-14.98,0.707,0.029,0.0103,133.785
6Nl7KyvjkFncGsjB49SxLl,77,0.636,0.377,-11.721,0.23,0.0708,6.51e-05,139.966
1z66rtsjBpgHqAuw74tr9E,34,0.465,0.227,-13.063,0.04,0.0297,0.0,84.853
5hslUAKq9I9CG2bAulFkHN,56,0.24,0.598,-8.435,0.776,0.0369,0.0,201.629
7tqhbajSfrz2F7E1Z75ASX,85,0.663,0.6,-10.87,0.8,0.032,0.0,129.991
2NbUDftyUv4c3FcVH3J9pp,46,0.328,0.714,-5.448,0.314,0.036,0.000481,210.21
4Xl2PrS3DJqqSKXCo6Uhv9,70,0.485,0.378,-11.773,0.528,0.0337,0.0,92.928
4Wl3yzoeDmhdiNTHJuWt3G,40,0.275,0.699,-5.154,0.295,0.0342,0.0,178.386
1zxxbq3UMRXIo4i82MFmjY,52,0.399,0.226,-15.183,0.307,0.0315,0.0,100.397
0UQAkAVNk3tubJYlOHyG3q,54,0.44,0.547,-5.26,0.365,0.027,0.0,172.227
561F1zqRwGPCTMRsLsXVtL,74,0.544,0.265,-11.952,0.7,0.035,0.0,133.837
2Dz5WpEWA0vhnMmEPYiZ2y,58,0.629,0.174,-9.697,0.305,0.141,0.0,134.295
714Lw0m2SmCEhKSPw0Dn8J,60,0.421,0.858,-4.535,0.491,0.0963,0.0,173.255
4dFtIGQBrYjiskk7fN5Wmx,40,0.509,0.307,-9.616,0.392,0.0307,0.0,85.471
0GgN4MhR5GKn5IcKN0e0rG,74,0.457,0.515,-4.31,0.222,0.0261,0.0,74.984
7tLtIZclwLWk54PFAyDv5T,68,0.462,0.385,-12.173,0.244,0.0291,0.0,61.876
6VjGPadARCQTjvpEGXbIOY,50,0.586,0.875,-3.529,0.507,0.0461,2e-05,132.026
00wWSS82pM5L0CZGU1rYIC,40,0.518,0.197,-12.698,0.281,0.0413,6.97e-05,110.15
6GFAI795uiBVoAdvAtWo5J,38,0.787,0.972,-3.893,0.57,0.082,0.000161,130.011
5jgFfDIR6FR0gvlA56Nakr,77,0.686,0.127,-14.361,0.372,0.0342,1.41e-05,93.699
5cLbsKoNhkKXd6aZo4BOeq,47,0.379,0.0973,-15.462,0.286,0.0384,0.0,177.92
5KeI897tZgjezHKvxlaOaR,71,0.541,0.844,-2.471,0.604,0.142,0.0,165.931
77khP2fIVhSW23NwxrRluh,53,0.683,0.375,-13.056,0.888,0.0303,0.0,140.467
5vUNRJsvEOUsz4sbKkJpFr,65,0.372,0.247,-8.706,0.239,0.0273,0.000223,96.17
5nrkRzZgGzLQOzTVxHGick,3,0.486,0.297,-10.031,0.437,0.0275,0.0,70.162
6xE98wKYt4vZk8j7cctjw8,34,0.662,0.403,-12.029,0.85,0.0291,0.0,119.891
66LTNuQSnUtPGxvZdv1Num,39,0.654,0.936,-3.213,0.593,0.347,0.0,106.868
6YRabD024N5PSSwwUpi3yn,21,0.57,0.197,-13.052,0.265,0.0289,4.17e-05,136.467
7KInKDzsPxcWY4PYrjNyRr,41,0.541,0.645,-5.245,0.56,0.523,0.0,200.102
3rlpBpSe9ZE8KaW0X9IZ41,42,0.384,0.196,-13.427,0.392,0.0681,0.0,206.297
1VdZ0vKfR5jneCmWIUAMxK,76,0.642,0.289,-9.918,0.407,0.0367,0.0,84.996
27C3bIMZNWIgUf7uVOwgaR,29,0.445,0.657,-6.741,0.735,0.0515,0.0,170.85
5zx4yNDpYT6mEVaAwTw5m8,29,0.419,0.201,-11.4,0.189,0.0341,0.0,93.687
11fNLqDB47gMKj7BHhR2Qr,64,0.709,0.62,-9.382,0.936,0.034,0.0,93.723
7IyuwRPPNq6gYI1vzqKsrU,58,0.497,0.409,-15.649,0.649,0.0335,0.000141,114.823
5B6J2yesfMRQzGbKLRJw2B,55,0.331,0.00735,-30.904,0.0944,0.0362,0.952,66.628
3tolwaacjdW3qN5rlfIyFz,29,0.487,0.189,-13.584,0.239,0.0435,0.0,86.147
0djZ2ndRfAL69WYNra5jRC,70,0.489,0.186,-16.237,0.349,0.029,0.000152,102.245
0ZZqDwf3oey84BKn7JYHDY,24,0.44,0.213,-16.364,0.304,0.0265,0.00339,89.778
2wrMieCOrwHOUF01wEcaD0,25,0.675,0.61,-11.735,0.865,0.0674,0.00397,97.574
3V1H6liHwCDcWeqdPJabOM,67,0.561,0.337,-9.272,0.273,0.0284,8.79e-05,109.373
0jWgAnTrNZmOGmqgvHhZEm,82,0.565,0.564,-10.044,0.454,0.0292,0.0,134.355
2jXTBrywc6ruxaUXW84Xhr,55,0.538,0.178,-8.983,0.173,0.0481,2.88e-06,120.27
7Dyq1bhhjknLKEGg4k5NLr,59,0.648,0.722,-4.813,0.389,0.0427,0.0,132.973
2vSxjnyrWrtxyfzO47EX6q,66,0.203,0.295,-11.155,0.285,0.0323,2.05e-06,171.222
5v3TBTTsdEtxoBnqHEHGAv,31,0.767,0.689,-9.127,0.969,0.0334,0.0,128.572
5u0YB9bpmgEPS2bPhwfRFV,61,0.463,0.755,-7.244,0.252,0.0634,4.89e-06,145.319
4HnVzg7n6aIPV7TCGRMR6k,65,0.557,0.607,-6.569,0.619,0.0366,1.84e-06,76.497
6Obed4k0riz91yDHNWJoH1,28,0.534,0.107,-23.762,0.0682,0.0315,0.886,99.04
6QfS2wq5sSC1xAJCQsTSlj,73,0.575,0.33,-6.557,0.277,0.031,0.0,95.801
70LcF31zb1H0PyJoS1Sx1r,87,0.515,0.43,-9.935,0.104,0.0372,0.000133,91.844
1f9qn1ZMG43nUBsf2dt695,18,0.439,0.078,-20.019,0.14,0.0363,0.926,73.947
4EchqUKQ3qAQuRNKmeIpnf,83,0.523,0.943,-4.203,0.766,0.0337,3.81e-05,99.607
7HB1REjjalFLSXgXlAAwFs,60,0.433,0.291,-17.56,0.631,0.0501,0.907,106.65
6HKChbfE5klrUMHo3NrqzX,60,0.261,0.38,-9.148,0.0793,0.0491,0.0,74.463
7jSQaXLzpLHjSQTev2krvT,65,0.164,0.0248,-27.25,0.0553,0.0462,0.967,79.083
65ShmiE5aLBdcIGr7tHX35,66,0.506,0.877,-5.73,0.302,0.032,0.776,114.589
5u7n4Xffrd66fQxmnyeOdP,23,0.266,0.589,-6.637,0.302,0.0373,2.15e-05,82.185
66PmO1K6RXjj6ouXzMeodH,47,0.46,0.621,-6.436,0.164,0.0303,0.0,136.679
2hocBXb0VzbeX2ttM2Ngeg,63,0.676,0.41,-7.559,0.346,0.0299,7.06e-05,112.988
7ySbfLwdCwl1EM0zNCJZ38,69,0.568,0.495,-8.964,0.303,0.0299,0.0,128.234
5jZ1Z2GFTf2gwmFc3qiUxs,68,0.541,0.904,-3.001,0.541,0.0435,0.0,98.122
05CRP83e1AD3kl6rP1r5aB,55,0.624,0.346,-9.718,0.241,0.0631,0.0,143.439
5UcrCh7OATMrPXvUisnWOb,23,0.613,0.519,-8.628,0.553,0.0305,0.907,147.956
24lvdbt9pS7DFEjhEWSl49,61,0.558,0.311,-9.582,0.415,0.0288,0.0,95.978
6eykmqPkR0ItSGhrwPvOEF,48,0.643,0.86,-3.495,0.701,0.0535,0.0,129.884
6HU7h9RYOaPRFeh0R3UeAr,86,0.442,0.612,-7.222,0.178,0.112,5.7e-06,180.917
365CXcD4ijaTLbhfaDrlfw,55,0.638,0.845,-3.336,0.769,0.142,0.0,130.413
3SUQYLuMqCW7lkMAZ1Bhev,58,0.878,0.91,-5.452,0.65,0.281,1.69e-06,112.961
1xK59OXxi2TAAAbmZK0kBL,91,0.571,0.544,-10.613,0.216,0.0299,0.00805,132.052
5JDcQAztvZTIkrWoZihgvC,67,0.447,0.393,-8.65,0.564,0.038,0.0,73.139
1UKobFsdqNXQb8OthimCKe,68,0.483,0.159,-13.648,0.423,0.0353,0.0,146.721
4nyF5lmSziBAt7ESAUjpbx,79,0.445,0.455,-6.405,0.151,0.0575,1.47e-06,109.885
5qII2n90lVdPDcgXEEVHNy,76,0.608,0.768,-5.227,0.809,0.0475,0.0,88.059
6COk7pcDZmFBIfVy0K7GAB,36,0.433,0.918,-6.09,0.738,0.0978,0.000174,165.863
11wGTz7FELYt1P9efjX7VT,47,0.7,0.335,-11.151,0.682,0.0291,2.9e-05,113.589
2tH28YyKYOldxhuBHoI79M,67,0.793,0.386,-13.413,0.584,0.0819,0.31,95.819
7mLDPtrgMQScBHTi6p6H7v,46,0.467,0.482,-7.095,0.538,0.0274,0.00339,171.588
2cWHN0WK52RGAWHgaDamUA,66,0.435,0.423,-8.795,0.451,0.024,0.000659,91.137
3py8oXeISIkAfaz8bVlsKb,6,0.611,0.308,-9.923,0.947,0.482,0.000372,64.822
2R5uY1gbIKzGB1yAOH067s,62,0.425,0.922,-2.6,0.564,0.0412,0.0,156.045
2OARIMw1hpehr86Iwmv04c,59,0.676,0.424,-8.132,0.493,0.0329,0.000494,148.373
2m1hi0nfMR9vdGC8UcrnwU,83,0.434,0.897,-4.918,0.684,0.0488,0.0,148.726
3OXpdrHLT4IqM76RajgM6Q,61,0.484,0.444,-6.935,0.226,0.0636,0.0,144.21
4sUoWHVnJl8z3t4zdqf6xB,55,0.622,0.608,-5.085,0.607,0.036,5.38e-06,89.661
34tvoeX5zWJu4hcnFzgtnL,53,0.352,0.278,-12.593,0.227,0.0291,0.00776,100.029
204974mkLcxFNtq6EXLsJx,40,0.362,0.138,-12.201,0.0752,0.0421,0.000468,79.425
5XPwkZ7vNxeidpNLAkwtFp,54,0.463,0.555,-6.43,0.515,0.0381,0.0,73.613
7nWui6jiMM2m9qFmET1Mtj,63,0.623,0.279,-10.802,0.38,0.031,0.0,116.04
0GVvRmCoiLkhxJvlZy9bLk,57,0.43,0.33,-10.621,0.316,0.0353,0.0,108.824
7woW97CfcWaKtuC6W5BP2K,69,0.545,0.485,-8.045,0.101,0.0485,1.8e-06,80.948
7sjFIZ1g5QLJLGja3k592K,64,0.8,0.564,-5.817,0.318,0.4,1.65e-06,139.989
1R0a2iXumgCiFb7HEZ7gUE,89,0.615,0.534,-6.719,0.193,0.0386,1.76e-05,135.917
5cjagrNaegv6IQZKflkPTf,70,0.494,0.311,-10.546,0.409,0.0308,1.5e-05,76.039
5iW9Y4seDbBgIchT0ANY3q,41,0.732,0.888,-2.415,0.674,0.0792,2.88e-06,93.991
6s6h2XK7Nl8lEcTzr7ezeB,62,0.154,0.215,-15.413,0.115,0.0346,0.00146,166.209
7nXq1vaZiz7PdbfojpPjW5,69,0.435,0.92,-1.357,0.45,0.201,0.000353,188.899
2FXORuBJ8gBDTOVjckYXdF,49,0.471,0.405,-8.428,0.228,0.0286,0.0,121.492
4lIxdJw6W3Fg4vUIYCB0S5,80,0.598,0.786,-5.572,0.456,0.0383,0.0016,95.019
4alGMi8oirRYel22D1sMNQ,25,0.84,0.704,-7.44,0.943,0.0309,1.12e-05,111.49
46K6ha7ewGSY30ob1B0JMI,38,0.439,0.35,-9.639,0.176,0.0293,4.16e-05,117.081
55SMBnlZaMebqCYUkFU2dT,56,0.553,0.891,-7.215,0.448,0.0621,0.0357,96.053
2lFH40ztoHpkyY8GPojuA9,53,0.5,0.261,-11.492,0.381,0.0256,0.0135,94.356
3swN6Dmuv50MvAi2S0w2Ra,29,0.251,0.219,-11.018,0.0398,0.0411,0.0261,121.113
4wTChU0tU44TAMC0xcQizi,67,0.583,0.791,-4.087,0.878,0.0318,0.0,89.993
0i5QVxsK3IvEDbUjTA64Li,74,0.541,0.616,-6.53,0.203,0.028,1.09e-06,144.218
7x68OKWmVySSU51vSqHR5x,69,0.956,0.617,-7.526,0.739,0.267,0.0,101.991
63Nvv3yXMosxHpQzNsNBOp,59,0.563,0.501,-7.12,0.217,0.0268,0.000224,125.001
3AJwUDP919kvQ9QcozQPxg,90,0.429,0.661,-7.227,0.285,0.0281,0.000121,173.372
4AYtqFyFbX0Xkc2wtcygTr,72,0.433,0.182,-12.566,0.421,0.0641,0.0,207.476
3KYVSjNTxOgTJzhaEU6la3,39,0.452,0.54,-8.208,0.39,0.0815,0.0,118.66
15bDEMeqO9hJwl1WZ14gOI,7,0.0,0.882,-5.155,0.0,0.0,0.000945,0.0
7zMcNqs55Mxer82bvZFkpg,70,0.621,0.417,-6.941,0.289,0.0231,0.0,99.953
5M7OvJqw8FvIr4jLJLwCi1,43,0.228,0.753,-4.132,0.291,0.037,0.0,170.878
0NyRSfiU6ri61vku1xiLoD,67,0.558,0.361,-8.346,0.165,0.0328,0.0,95.161
16uOMH2C9NBMzqUQXLBtHy,53,0.649,0.533,-4.816,0.662,0.0281,0.0,97.968
3NLrRZoMF0Lx6zTlYqeIo4,77,0.557,0.533,-6.817,0.233,0.0252,0.0,143.994
1UZOjK1BwmwWU14Erba9CZ,78,0.573,0.781,-6.406,0.343,0.0555,2.64e-05,139.934
0IktbUcnAGrvD03AWnz3Q8,74,0.625,0.414,-8.7,0.669,0.0369,0.0,130.088
5AezhHjX3R1bmxcAEgrFpS,66,0.502,0.594,-5.031,0.349,0.0365,0.0,153.687
1qjrYozGqc7upUgfN776lZ,69,0.592,0.398,-10.81,0.204,0.0678,0.000925,150.038
0U1W2LZVUX7qTm7dDpqxh6,79,0.603,0.691,-5.805,0.577,0.0372,0.0,147.148
5yc59J3MR3tVDPTOgwgRI5,62,0.621,0.853,-5.735,0.714,0.0253,3.26e-06,128.142
4ZtFanR9U6ndgddUvNcjcG,86,0.563,0.664,-5.044,0.688,0.154,0.0,166.928
1MpmApLaUCZiWPH7gLOepR,48,0.377,0.298,-8.687,0.197,0.0492,0.0,71.1
7xgjwuqkYgAvLpBqeW4atb,37,0.392,0.972,-2.891,0.33,0.201,0.0,167.841
3MwHZDGwAR8RjZZBriBqmx,70,0.443,0.419,-7.975,0.0719,0.0321,0.00183,132.204
6vrUTGn5p8IrfTZ0J6sIVM,75,0.291,0.79,-5.683,0.513,0.0363,5.61e-06,155.667
1WYokrkFOb9TFVuTrmxTTt,70,0.632,0.397,-12.855,0.731,0.0265,0.0421,110.578
6UN73IYd0hZxLi8wFPMQij,92,0.954,0.516,-5.817,0.624,0.16,7.54e-06,105.001
6H7fWtwEUHVfTyZD7zeG4w,68,0.509,0.183,-10.27,0.258,0.0377,0.0,117.354
08jjW8uBboRlkPLK3KVc6t,42,0.381,0.921,-2.753,0.672,0.188,0.00132,76.41
6ZSTinOwx5dKFYc6iYyGDn,64,0.414,0.167,-16.519,0.384,0.0484,0.0,133.45
2WaYW84yWij5NSCpgSeU2R,66,0.577,0.306,-11.559,0.568,0.0427,0.0,125.166
1B8MHa0NveCF1ViBEOZWO5,63,0.522,0.751,-5.46,0.605,0.0435,2.22e-06,139.51
7eQj6r5PIdYKEIZjucBMcq,70,0.693,0.681,-7.039,0.663,0.025,0.0,100.02
32h5TIBiDv56zxf2HOIYjO,29,0.54,0.937,-10.339,0.877,0.0405,0.473,177.409
0tksWgMFUovmWxDAnkebtO,42,0.648,0.732,-5.194,0.324,0.0821,0.00132,159.88
2ZMHNMMft1Yp6nLPjR4zM9,52,0.576,0.772,-4.902,0.494,0.0259,0.0,97.007
6L2uVVPJA9WcDc7zCZ4DHN,71,0.783,0.63,-4.985,0.822,0.044,0.0,106.053
50x1Ic8CaXkYNvjmxe3WXy,90,0.593,0.352,-8.296,0.226,0.0284,2.22e-05,119.988
3i2Q3cFdFzJ39nV9sAt3Pc,54,0.335,0.33,-8.302,0.04,0.031,0.41,75.07
6n2GPvMJtFZ4ckoc9EWHMx,59,0.76,0.575,-4.06,0.314,0.0444,0.000383,131.983
64IcRXZ9TzOOqyse3EPA3Y,69,0.492,0.513,-8.614,0.236,0.0449,0.0,74.883
3JeTD3IfCntCx3nLSAv56U,44,0.577,0.295,-15.448,0.594,0.044,7.22e-05,77.938
3iaTupx9cV6lm2WUdRkImz,23,0.401,0.602,-7.882,0.388,0.053,0.0553,160.17
2L9N0zZnd37dwF0clgxMGI,91,0.516,0.322,-11.762,0.261,0.0292,0.00194,148.005
3cfOd4CMv2snFaKAnMdnvK,80,0.731,0.867,-5.881,0.776,0.032,0.0,104.019
0p9E7l00TBA1aqmhElZoLx,39,0.544,0.81,-4.427,0.85,0.164,2.24e-06,147.13
5TMsdvn25oZv191YNDmMdg,32,0.316,0.0776,-22.674,0.312,0.0459,3.02e-05,79.492
04sN26COy28wTXYj3dMoiZ,84,0.614,0.318,-12.695,0.112,0.0478,0.00239,119.959
1fBl642IhJOE5U319Gy2Go,72,0.482,0.833,-5.611,0.74,0.0449,0.0,148.039
0J1Wfjo9H3R62yaCuuNDZX,59,0.552,0.802,-3.799,0.776,0.0615,0.0,78.21
22bPsP2jCgbLUvh82U0Z3M,83,0.402,0.732,-4.665,0.472,0.0484,0.0,161.032
6P2lntEX32VCDfkmPHrpxU,44,0.733,0.567,-9.944,0.584,0.0254,0.00712,109.313
0I1DJdLt9BKOb7GWmWxCjo,75,0.651,0.339,-11.917,0.32,0.0246,0.0141,103.996
2MWOqewf5j0qf2b6S5J6cS,68,0.461,0.267,-8.514,0.481,0.0278,2.03e-05,87.918
6AQbmUe0Qwf5PZnt4HmTXv,96,0.696,0.809,-8.254,0.857,0.05,0.000128,132.962
66tOfHVH3aUrscg8vExRV4,67,0.605,0.488,-8.322,0.354,0.0264,0.0,119.966
0iOZM63lendWRTTeKhZBSC,77,0.606,0.457,-14.035,0.813,0.0497,2.53e-05,92.033
1RT6zSjs59gJdFfUshT465,54,0.413,0.988,-2.165,0.642,0.0745,0.00334,162.954
2hjAc6x8EoSLhGxRNg8KEw,69,0.575,0.188,-18.758,0.334,0.0959,4.37e-05,77.464
4hupcimlg3UBbW1kAQ6vrT,66,0.524,0.553,-10.767,0.517,0.0292,0.0,104.578
7jmHyHMEqm9MJWiMAneF05,70,0.632,0.232,-12.326,0.673,0.0318,4.95e-06,119.136
2cOUlop2ZakjOKe4WinesN,77,0.735,0.425,-6.648,0.848,0.0464,0.0,85.896
0k6LV1ohcK2hlNPwu1nVw9,63,0.641,0.512,-4.935,0.395,0.0285,0.0,116.059
4pbG9SUmWIvsROVLF0zF9s,74,0.49,0.715,-5.549,0.866,0.0476,0.0,130.726
6h2YXTAX6QN83w0gOTjDZa,43,0.473,0.468,-7.439,0.448,0.0503,0.0,119.68
